HS-ZN7.AHU-1.ZN-T.AHS-AHU-1-ZN7-ZN-T (Trend1),AHU01 ZN07 ZN-T 
HS-ZN4.AHU-2.ZONE-T.Trend-Present Value (Trend1),AHU02 ZN04  ZN-T 
HS-ZN10.AHU-3.OA-T.Trend-Present Value (Trend1),AHU03 ZN10 OA-T 
HS-ZN10.AHU-3.ZN-T.Trend-Present Value (Trend1),AHU03 ZN10  ZN-T 
HS-ZN9.AHU-4.ZN-T.Trend-Present Value (Trend1),AHU04 ZN09  ZN-T 
HS-ZN6.AHU-6.ZN-T.AHS-AHU-6-ZN6-ZN-T (Trend1),AHU06 ZN06 ZN-T 
HS-ZN11.AHU-8.ZN-T.AHS-AHU-8-ZN11-ZN-T (Trend1),AHU08 ZN11 ZN-T 
HS-ZN12.AHU-9.ZN-T.AHS-AHU-9-ZN12-ZN-T (Trend1),AHU09 ZN12 ZN-T 
HS-ZN7.AHU-1.ZN-T.Trend-Present Value (Trend1),AHU1 ZN07 ZN-T 
HZ-ZN13.AHU-10.ZN-T.Trend-Present Value (Trend1),AHU10 ZN13  ZN-T 
HZ-ZN13.AHU-10.ZN-T.AHS-AHU-10-ZN13-ZN-T (Trend1),AHU10 ZN13 ZN-T 
HS-ZN3.AHU-11.ZN-T.Trend-Present Value (Trend1),AHU11 ZN03 CO2 
HS-ZN3.AHU-11.ZN-T.AHS-AHU-11-ZN03-ZN-T (Trend1),AHU11 ZN03 ZN-T 
HS-ZN2.AHU-12.C02-PPM.AHS-Gym-ZN2 CO2 (Trend1),AHU12 ZN02 CO2 
HS-ZN2.AHU-12.ZN-T.AHS-Gym-ZN2 ZN-T (Trend1),AHU12 ZN02 ZN-T 
HS-BLRS.AHU-13.ZN-T.AHU-13 ZN-T (Trend1),AHU13 Boiler ZN-T 
HS-ZN1.AHU-14.OA-T.AHU-14 OA-T (Trend1),AHU14 ZN01 OA 
HS-ZN1.AHU-14.ZN-T.AHU-14 ZN-T (Trend1),AHU14 ZN01 ZN-T 
HS-ZN5.AHU-7.ZN-T.AHS-AHU-7-ZN5-ZN-T (Trend1),AHU-7 ART & CERAMICS ZN-T
HS-ZN11.AHU-8.ZN-T.Trend-Present Value (Trend1),AHU8 ZN11 ZN-T 
HS-ZN12.AHU-9.ZN-T.Trend-Present Value (Trend1),AHU9 ZN12 ZN-T 
CO2-PPM.AHS-CAFE-UV1-CO2-PPM (Trend1),Cafe UV01 ZN08 CO2
HS CAFE UNIT VENT 1  CO2-PPM.AHS-CAFE-UV1-CO2-PPM (Trend1),Cafe UV01 ZN08 Q CO2
ZN-T.AHS-CAFE-UV1-ZN-T (Trend1),Cafe UV01 ZN08 ZN-T 
ZN-T.AHS-CAFE-UV2-ZN-T (Trend1),Cafe UV02 ZN08ZN-T 
CAFE UNIT VENT 3-CO2.HS CAFE UNI VENT 3-CO2 (Trend1),Cafe UV03 ZN08  CO2
CO2.AHS-ZN08-Cafe-UNI4-CO2 (Trend1),Cafe UV04 ZN08 CO2
CAFE UNIT VENT 4-CO2.AHS-ZN08-Cafe-UNI4-CO2 (Trend1),Cafe UV04 ZN08 Q CO2
CO2.Cafe-Unit 5-CO2 (Trend1),Cafe UV05 ZN08 CO2
CAFE UNIT VENT 5-CO2.Cafe-Unit 5-CO2 (Trend1),Cafe UV05 ZN08 Q CO2
CAFE UNIT VENT 7-CO2.HS UNIT VENT 7-CO2 (Trend1),Cafe UV07 ZN08  CO2
CO2.AHS-CAFE-UV08-CO2-PPM (Trend1),Cafe UV08 ZN08 CO2
CAFE UNIT VENT 8-CO2.AHS-CAFE-UV08-CO2-PPM (Trend1),Cafe UV08 ZN08 Q CO2
ZN-T.AHS-CAFE-UV08-ZN-T (Trend1),Cafe UV08 ZN08 ZN-T 
CAFE UNIT VENT 9-CO2.HS UNI VENT 9-CO2 (Trend1),Cafe UV09 ZN08  CO2
CAFE UNIT VENT 10-CO2.HS UNI VENT 10-CO2 (Trend1),Cafe UV10 ZN08  CO2
CO2.AHS-CAFE-UV14-CO2-PPM (Trend1),Cafe UV14 ZN08 CO2
CAFE UNIT VENT 14-CO2.AHS-CAFE-UV14-CO2-PPM (Trend1),Cafe UV14 ZN08 Q CO2
ZN-T.AHS-CAFE-UV14-ZN-T (Trend1),Cafe UV14 ZN08 ZN-T 
COLL-CTR.RTU-4.RA-CO2.AHS-CC-RTU4-CO2 (Trend1),CC RTU-04 CO2 
COLL-CTR.RTU-6.ZN-T.AHS-CC-RTU6-ZN-T (Trend1),CC RTU-06 ZN-T 
COLL-CTR.RTU-8.ZN-T.AHS-CC-RTU8-ZN-T (Trend1),CC RTU-08 ZN-T 
ZN-T.AHS-CC-ScShop-EHeat-ZN-T (Trend1),CC-ScShop ScShop Eheat ZN-T
ZN-T.AHS-FieldHouss-ZN1.NE-QUAD-ZN-T (Trend1),FieldHouse-NE ZN1 ZN-T 
ZN-T.AHS-FieldHouss-ZN1.NW-QUAD-ZN-T (Trend1),FieldHouse-NW ZN1 ZN-T 
ZN-T.AHS-FieldHouss-ZN1.SE-QUAD-ZN-T (Trend1),FieldHouse-SE ZN1 ZN-T 
ZN-T.AHS-FieldHouss-ZN1.SW-QUAD-ZN-T (Trend1),FieldHouse-SW ZN1 ZN-T 
HS-ZN11.GUIDANCE.ZN-T.AHS-ZN11-GUIDANCE-ZN-T (Trend1),GUIDANCE ZN11 ZN-T 
HS-BLRS.HS-BLRS.BOILERS.BLR-RUNTIME.AHSBolilerRunTime (Trend1),HS Boiler Run Time (hrs)
KVA_Total.CollinCtr-kVA (Trend1),HS CC Collins Center (kVA) 
KVAh.CollinCtr-kVAh (Trend1),HS CC Collins Center (kVAh) 
KVAR_Total.CollinCtr-kVAR (Trend1),HS CC Collins Center (kVAR) 
KVARh.CollinCtr-kVARh (Trend1),HS CC Collins Center (kVARh) 
KW_Total.CollinCtr-kW (Trend1),HS CC Collins Center (kW) 
Energy.CollinCtr-Energy-kWh (Trend1),HS CC Collins Center (kWh) 
KVA_Total.AHS_N1-DE-ATS-kVA (Trend1),HS DE Kitchen-Emergency (kVA) 
KVAh.AHS_N1-DE-ATS-kVAh (Trend1),HS DE Kitchen-Emergency (kVAh) 
KVARh.AHS_N1-DE-ATS-kVARh (Trend1),HS DE Kitchen-Emergency (kVARh) 
KW_Total.AHS_N1-DE-ATS-kW (Trend1),HS DE Kitchen-Emergency (kW) 
KVA_Total.AHS_N1-DG-kVA (Trend1),HS DG Gym (kVA) 
KVAh.AHS_N1-DG-kVAh (Trend1),HS DG Gym (kVAh) 
KVAR_Total.AHS_N1-DG-kVAR (Trend1),HS DG Gym (kVAR) 
KVARh.AHS_N1-DG-kVARh (Trend1),HS DG Gym (kVARh) 
KW_Total.AHS_N1-DG-kW (Trend1),HS DG Gym (kW) 
Energy.AHS_N1-DG-kWh-Energy (Trend1),HS DG Gym (kWh) 
KVA_Total.AHS_N1-DHB-KVA (Trend1),HS DHB Plugload (kVA) 
KVAh.AHS_N1-DHB-KVAh-Total (Trend1),HS DHB Plugload (kVAh) 
KVAR_Total.AHS_N1-DHB-KVAR (Trend1),HS DHB Plugload (kVAR) 
KW_Total.AHS_N1-Main-kW (Trend1),HS DHB Plugload (kW) 
Energy.AHS_N1-DHB-kWh Total (Trend1),HS DHB Plugload (kWh) 
KW_Total.AHS_N1-DHB-kW (Trend1),HS DHB Plugloads (kW) 
KVA_Total.AHS_N1-DL-kVA (Trend1),HS DL Lighting (kVA) 
KVAh.AHS_N1-DL-kVAh (Trend1),HS DL Lighting (kVAh) 
KVAR_Total.AHS_N1-DL-kVAR (Trend1),HS DL Lighting (kVAR) 
KVARh.AHS_N1-DL-kVARh (Trend1),HS DL Lighting (kVARh) 
KW_Total.AHS_N1-DL-kW (Trend1),HS DL Lighting (kW) 
Energy.AHS_N1-DL-Energy-kWh (Trend1),HS DL Lighting (kWh) 
Gas Meter.AHS_N1-Cubic Feet of Gas (Trend1),HS Gas (100 Cu Ft) 
Energy.AHS_N1-DE-ATS-Energy-kWh (Trend1),HS Kitchen Emergency (kWh) 
KVAR_Total.AHS_N1-DE-ATS-kVAR (Trend1),HS Kitchen-Emergency (kVAR) 
KVA_Total.M1-kVA-Total (Trend1),HS M1 Chillers (kVA) 
KVAh.M1-kVAh (Trend1),HS M1 Chillers (kVAh) 
KVAR_Total.M1-kVAR-Total (Trend1),HS M1 Chillers (kVAR) 
KVARh.M1-kVARh (Trend1),HS M1 Chillers (kVARh) 
KW_Total.M1-kW-Total (Trend1),HS M1 Chillers (kW) 
Energy.M1-kWh-Energy (Trend1),HS M1 Chillers (kWh) 
Energy.AHS_N1-Main-kWh-Energy (Trend1),HS Main (kWh) 
Current_Avg.AHS-Total Current (Trend1),HS Main Current (Amps) 
KVAh.AHS_N1-DHB-kVAh (Trend1),HS MWSB Main (kVA) 
KVAh.AHS_N1-Main-kVAh (Trend1),HS MWSB Main (kVAh) 
KVAR_Total.AHS_N1-Main-kVAR (Trend1),HS MWSB Main (kVAR) 
KVARh.AHS_N1-Main-kVARh (Trend1),HS MWSB Main (kVARh) 
KVA_Total.AHS_N1-Main-kVA (Trend1),HS MWSB Main Entry (kVA) 
Max_Power.Main-Max_Power (Trend1),HS MWSB Main Max Powerf (kVA) 
KW_A.AHS_N1-KW_A.Main (Trend1),HS MWSB Main-KW_A (kW) 
KW_B.AHS_N1-KW_B.Main (Trend1),HS MWSB Main-KW_B (kW) 
KW_C.AHS_N1-KW_C.Main (Trend1),HS MWSB Main-KW_C (kW) 
KW_Max_Demand.AHS_N1-MaxDemand (KW) (Trend1),HS MWSB Max Demand (kW) 
KVAR_Present_Demand.Main-kVAR_Present_Demand (Trend1),HS MWSB Present Demand Main (kVAR) 
KVA_Present_Demand.Main-kVA_Present_Demand (Trend1),HS MWSB present Max Demand (kVA) 
KW_Present_Demand.Main-kW_Present_Demand (Trend1),HS MWSB present Max Demand (kW) 
PF_Total.AHS_N1-PBA-PF_total (Trend1),HS PBA AHU1-4 (Effective PF) 
KVA_Total.AHS_N1-PBA-KVA_total (Trend1),HS PBA AHU1-4 (KVA) 
KVAh.AHS_N1-PBA-KVAh (Trend1),HS PBA AHU1-4 (KVAh) 
KVAR_Total.AHS_N1-PBA-KVAR_Total (Trend1),HS PBA AHU1-4 (KVAR) 
KVARh.AHS_N1-PBA-KVARh (Trend1),HS PBA AHU1-4 (KVARh) 
KW_Total.AHS_N1-PBA-KW_total (Trend1),HS PBA AHU1-4 (kW) 
Energy.AHS_N1-PBA-KWh-Energy (Trend1),HS PBA AHU1-4 (KWh) 
Current_Avg.AHS_N1-PBA-Current_Avg (Trend1),HS PBA AHU1-4 Current (Amp) 
KW_A.AHS_N1-PBA-KW_A (Trend1),HS PBA AHU1-4 KW_A (kW) 
KW_B.AHS_N1-PBA-KW_B (Trend1),HS PBA AHU1-4 KW_B (kW) 
KW_C.AHS_N1-PBA-KW_C (Trend1),HS PBA AHU1-4 KW_C (kW) 
KVA_Max_Demand.AHS_N1-MaxDemand (KVA) (Trend1),HS PBA AHU1-4 Max Demand (KVA) 
Energy.AHS-T-P4GS2-53 AHU11- kWh (Trend1),HS-Temp P4GS1 AHU11 (kWh) 
Energy.AHS-T-P4GS2-65 AHU12- kWh (Trend1),HS-Temp P4GS1 AHU12 (kWh) 
Energy.AHS-T-P4GS2-65 AHU2- kWh (Trend1),HS-Temp P4GS1 AHU2 (kWh) 
Energy.AHS-T-P4GS1-13 F9-kWh (Trend1),HS-Temp P4GS1 F9 (kWh) 
Energy.AHS-T-P4GS1-20 RTU 2-kWh (Trend1),HS-Temp P4GS1 RTU2 (kWh) 
Energy.AHS-T-P4GS1-28 RTU-3- kWh (Trend1),HS-Temp P4GS1 RTU3 (kWh) 
KVAh.AHS-T-P4GS2-65 AHU2- kVAh (Trend1),HS-Temp P4GS1-AHU02 (kVAh)
KW_Total.AHS-T-P4GS2-65 AHU2- kW (Trend1),HS-Temp P4GS1-AHU02 (kW)
KVA_Total.AHS-T-P4GS2-53 AHU11- kVA (Trend1),HS-Temp P4GS1-AHU11 (kVA)
KVARh.AHS-T-P4GS2-53 AHU11- KVARh (Trend1),HS-Temp P4GS1-AHU11 (kVARh)
KW_Total.AHS-T-P4GS2-53 AHU11- kW (Trend1),HS-Temp P4GS1-AHU11 (kW)
KVA_Total.AHS-T-P4GS2-65 AHU12- kVA (Trend1),HS-Temp P4GS1-AHU12 (kVA)
KVAh.AHS-T-P4GS2-65 AHU12- kVAh (Trend1),HS-Temp P4GS1-AHU12 (kVAh)
KW_Total.AHS-T-P4GS2-65 AHU12- kW (Trend1),HS-Temp P4GS1-AHU12 (kW)
KVA_Total.AHS-T-P4GS2-65 AHU2- kVA (Trend1),HS-Temp P4GS1-AHU2 (kVA)
KVA_Total.AHS-T-P4GS1-20 F 9- kVA (Trend1),HS-Temp P4GS1-F9 (kVA)
KVAh.AHS-T-P4GS1-13 F9-KVAh (Trend1),HS-Temp P4GS1-F9 (kVAh)
KW_Total.AHS-T-P4GS1-20 F 9- kW (Trend1),HS-Temp P4GS1-F9 (kW)
KVA_Total.AHS-T-P4GS1-20 RTU 2-KVA (Trend1),HS-Temp P4GS1-RTU2 (kVA)
KVAh.AHS-T-P4GS1-20 RTU 2-KVAh (Trend1),HS-Temp P4GS1-RTU2 (kVAh)
KW_Total.AHS-T-P4GS1-20 RTU 2-kW (Trend1),HS-Temp P4GS1-RTU2 (kW)
KVA_Total.AHS-T-P4GS1-28 RTU-3- KVA (Trend1),HS-Temp P4GS1-RTU3 (kVA)
KVAh.AHS-T-P4GS1-28 RTU-3- KVAh (Trend1),HS-Temp P4GS1-RTU3 (kVAh)
KW_Total.AHS-T-P4GS1-28 RTU-3- KW (Trend1),HS-Temp P4GS1-RTU3 (kW)
HS-ZN10.KIT-CONF.ZN-T.HS-ZN10-KIT-CONF-ZN-T (Trend1),KIT-CONF ZN10 ZN-T 
HS-ZN10.KIT-OFF.ZN-T.HS-ZN10-KIT-OFF-ZN-T (Trend1),KIT-OFF ZN10 ZN-T 
HS-ZN6.AHU-6.OA-T.Trend-Present Value (Trend1),Outside Air (AHU6) ZN-T
HS-ZN7.AHU-1.OA-T.Trend-Present Value (Trend1),Outside Air AHU1 ZN-T
HS-ZN4.AHU-2.OA-T.AHS-ZN4-AHU2-OA-T (Trend1),Outside Air AHU2 ZN-T
OA CO2.AHS-OA-CO2-PPM (Trend1),Outside Air CO2 
HS-ZN7.AHU-1.OA-T.AHU-1-ZN7-OA-T (Trend1),Outside Air-Kitchen ZN-T
HS-ZN11.PRINCIPAL.ZN-T.AHS-ZN11-PRINCIPAL_OFFICE-ZN-T (Trend1),PRINCIPAL ZN11 ZN-T 
RM 116 ZN-T.AHS-RM116-ZN-T (Trend1),RM116 ZN06  ZN-T 
HS-ZN6.RM-116.BOXHTG.AHS-RM116-HTG (Trend1),RM116 ZN06 ZN-T 
RM-137 CO2-PPM.AHS-RM137-CO2-PPM (Trend1),RM137 ZN09 CO2 
RM-137 ZONE TEMP.AHS-RM-137-ZN-T (Trend1),RM137 ZN09 ZN-T
RM 138 ZN-T.AHS-ZN9-RM138-ZN-T (Trend1),RM138 ZN09 ZN-T 
RM-139 CO2-PPM.AHS-RM139-CO2-PPM (Trend1),RM139 ZN09 CO2 
RM-139 ZONE TEMP.AHS-RM139-ZN-T (Trend1),RM139 ZN09 ZN-T
RM-201 CO2-PPM.AHS-RM201-CO2-PPM (Trend1),RM201 ZN19 CO2 
RM-201 ZONE TEMP.AHS-RM201-ZN-T (Trend1),RM201 ZN19 ZN-T
RM-203 CO2-PPM.AHS-RM203-CO2-PPM (Trend1),RM203 ZN19 CO2 
RM-203 ZONE TEMP.AHS-RM203-ZN-T (Trend1),RM203 ZN19 ZN-T
RM-205 CO2-PPM.AHS-RM205-CO2-PPM (Trend1),RM205 ZN19 CO2 
RM-205 ZONE TEMP.AHS-RM205-ZN-T (Trend1),RM205 ZN19 ZN-T
RM-207 CO2-PPM.AHS-RM207-CO2-PPM (Trend1),RM207 ZN19 CO2 
RM-207 ZONE TEMP.AHS-RM207-ZN-T (Trend1),RM207 ZN19 ZN-T
HS UNI RM-209 ZN1-Q.HS UNI RM-209 ZN1-Q (Trend2),RM209 ZN19 ZN19 Q CO2 
ZN-T.AHS-ZN19.RM209-ZN-T (Trend1),RM209 ZN19 ZN19 ZN-T 
HS UNI RM-211 ZN1-Q.HS UNI RM-211 ZN1-Q (Trend1),RM211 ZN19 Q CO2 
ZN-T.AHS-RM211-ZN-T (Trend1),RM211 ZN19 ZN-T 
HS UNI RM-215 ZN1-Q.HS UNI RM-215 ZN1-Q (Trend1),RM215 ZN19 Q CO2
ZN-T.AHS-RM215-ZN-T (Trend1),RM215 ZN19 ZN-T
HS UNI RM-222 ZN1-Q.HS UNI RM-222 ZN1-Q (Trend1),RM222 ZN21 Q CO2 
ZN-T.AHS-RM222-ZN-T (Trend1),RM222 ZN21 ZN-T 
HS UNI RM-224 ZN1-Q.HS UNI RM-224 ZN1-Q (Trend1),RM224 ZN21 Q CO2 
ZN-T.AHS-RM224-ZN-T (Trend1),RM224 ZN21 ZN-T 
HS UNI RM-225 ZN1-Q.HS UNI RM-225 ZN1-Q (Trend2),RM225 ZN21 Q CO2 
ZN-T.AHS-RM225-ZN-T (Trend1),RM225 ZN21 ZN-T 
HS UNI RM-226 ZN1-Q.HS UNI RM-226 ZN1-Q (Trend1),RM226 ZN21 Q CO2 
ZN-T.AHS-RM226-ZN-T (Trend1),RM226 ZN21 ZN-T 
HS UNI RM-227 ZN1-Q.HS UNI RM-227 ZN1-Q (Trend1),RM227 ZN21 Q CO2 
ZN-T.AHS-RM227-ZN-T (Trend1),RM227 ZN21 ZN-T 
HS UNI RM-228 ZN1-Q.HS UNI RM-228 ZN1-Q (Trend1),RM228 ZN21 Q CO2 
ZN-T.AHS-RM228-ZN-T (Trend1),RM228 ZN21 ZN-T 
HS UNI RM-230 ZN1-Q.HS UNI RM-230 ZN1-Q (Trend1),RM230 ZN21 Q CO2 
ZN-T.AHS-RM230-ZN-T (Trend1),RM230 ZN21 ZN-T 
HS UNI RM-232 ZN1-Q.HS UNI RM-232 ZN1-Q (Trend1),RM232 ZN21 Q CO2 
ZN-T.AHS-RM232-ZN-T (Trend1),RM232 ZN21 ZN-T 
HS UNI RM-237 ZN1-Q.HS UNI RM-237 ZN1-Q (Trend1),RM237 ZN16 Q CO2 
ZN-T.AHS-RM237-ZN-T (Trend1),RM237 ZN21 ZN-T 
HS UNI RM-241 ZN1-Q.HS UNI RM-241 ZN1-Q (Trend1),RM241 ZN16 Q CO2 
ZN-T.AHS-RM241-ZN-T (Trend1),RM241 ZN16 ZN-T 
HS UNI RM-243 ZN1-Q.HS UNI RM-243 ZN1-Q (Trend1),RM243 ZN16 Q CO2 
ZN-T.AHS-RM243-ZN-T (Trend1),RM243 ZN16 ZN-T 
HS UNI RM-245 ZN1-Q.HS UNI RM-245 ZN1-Q (Trend1),RM245 ZN16 Q CO2 
ZN-T.AHS-ZN16.RM245-ZN-T (Trend1),RM245 ZN16 ZN-T 
HS UNI RM-247 ZN1-Q.HS UNI RM-247 ZN1-Q (Trend1),RM247 ZN16 Q CO2 
ZN-T.AHS-RM247-ZN-T (Trend1),RM247 ZN16 ZN-T 
HS UNI RM-249 ZN1-Q.HS RM-249 ZN1-Q (Trend1),RM249 ZN15 Q CO2 
ZN-T.AHS-ZN15.RM249-ZN-T (Trend1),RM249 ZN15 ZN-T 
HS UNI RM-251 ZN1-Q.HS UNI RM-251 ZN1-Q (Trend1),RM251 ZN15 Q CO2 
ZN-T.AHS-RM-251-ZN-T (Trend1),RM251 ZN15 ZN-T 
HS UNI RM-253 ZN1-Q.HS UNI RM-253 ZN1-Q (Trend1),RM253 ZN15 Q CO2 
ZN-T.AHS-ZN15.RM253-ZN-T (Trend1),RM253 ZN15 ZN-T 
HS UNI RM-255A ZN1-Q.HS UNI RM-255A ZN1-Q (Trend1),RM255A ZN15 Q CO2 
HS UNI RM-255B ZN1-Q.HS UNI RM-255B ZN1-Q (Trend1),RM255B ZN15 Q CO2 
ZN-T.AHS-ZN15.RM255B-ZN-T (Trend1),RM255B ZN15 ZN-T 
RM 260 ZN-T.AHS-ZN11-RM260A-ZN-T (Trend1),RM260 ZN11 ZN-T 
HS-ZN11.RM-260B.ZN-T.AHS-ZN11-RM260B-ZN-T (Trend1),RM260B ZN11 ZN-T 
HS-ZN2 RM-264A.CO2-PPM.AHS-RM264A-CO2-PPM (Trend1),RM264A ZN02 CO2 
RM-264A ZN-T.AHS-Gym-RM264A-ZN2 ZN-T (Trend1),RM264A ZN02 ZN-T
HS-ZN2 RM-264B.CO2-PPM.AHS-RM264B-CO2-PPM (Trend1),RM264B ZN02 CO2 
RM-264B ZN-T.AHS-Gym-RM264B-ZN2 ZN-T (Trend1),RM264B ZN02 ZN-T
HS UNI RM-267 ZN1-Q.HS UNI RM-267 ZN1-Q (Trend1),RM267 ZN19 Q CO2 
ZN-T.AHS-RM267-ZN-T (Trend1),RM267 ZN19 ZN-T 
HS UNI RM-271 ZN1-Q.HS UNI RM-271 ZN1-Q (Trend1),RM271 ZN19 Q CO2 
ZN-T.AHS-RM271-ZN-T (Trend1),RM271 ZN19 ZN-T 
HS UNI RM-272 ZN1-Q.HS UNI RM-272 ZN1-Q (Trend1),RM272 ZN16 Q CO2 
HS UNI RM-273 ZN1-Q.HS UNI RM-273 ZN1-Q (Trend1),RM273 ZN16 Q CO2 
ZN-T.AHS-RM273-ZN-T (Trend1),RM273 ZN16 ZN-T 
HS-ZN20.RM-301 CO2-PPM.AHS-ZN20-RM301-CO2 (Trend1),RM301 ZN20 CO2 
RM-301 ZN-T.AHS-RM301-ZN-T (Trend1),RM301 ZN20 ZN-T
CO2-PPM.AHS-RM303-C02-PPM (Trend1),RM303 ZN14 CO2 
RM 303 ZN-T.AHS-RM303-ZN-T (Trend1),RM303 ZN14 ZN-T 
HS-ZN20 RM-303 CO2-PPM.AHS-RM303-C02-PPM (Trend1),RM303 ZN20 Q CO2 
CO2-PPM.AHS-ZN14-RM305-CO2 (Trend1),RM305 ZN14  CO2 
HS RM-305 CO2.AHS-ZN14-RM305-CO2 (Trend1),RM305 ZN14 CO2 
RM 305 ZN-T.AHS-RM305-ZN-T (Trend1),RM305 ZN14 ZN-T 
CO2-PPM.AHS-RM307-CO2-PPM (Trend2),RM307 ZN14 CO2 
HS UNI RM-307 CO2.AHS-RM307-CO2-PPM (Trend2),RM307 ZN14 Q CO2 
RM 307 ZN-T.AHS-RM307-ZN-T (Trend1),RM307 ZN14 ZN-T 
CO2-PPM.AHS-RM309-CO2-PPM (Trend2),RM309 ZN14 CO2 
HS UNI RM-309-CO2.AHS-RM309-CO2-PPM (Trend2),RM309 ZN14 Q CO2 
RM 309 ZN-T.AHS-RM309-ZN-T (Trend1),RM309 ZN-T 
RM 310 ZN-T.AHS-ZN09-RM310-ZN-T (Trend1),RM310 ZN09  ZN-T 
HS-ZN9.RM-310.BOXHTG.AHS-ZN09-RM310-HTG (Trend1),RM310 ZN09 ZN-T 
CO2-PPM.AHS-ZN14-RM311-CO2 (Trend1),RM311 ZN14 Q  CO2 
HS UNI RM-311-CO2.AHS-ZN14-RM311-CO2 (Trend1),RM311 ZN14 Q CO2 
RM 311 ZN-T.AHS-RM311-ZN-T (Trend2),RM311 ZN14 ZN-T 
CO2-PPM.AHS-ZN14-RM313-CO2 (Trend1),RM313 ZN14 CO2 
RM 313 ZN-T.AHS-RM313-ZN-T (Trend1),RM313 ZN14 ZN-T 
HS UNI RM-313-CO2.AHS-ZN14-RM313-CO2 (Trend1),RM314 ZN14 Q CO2 
RM-320 CO2-PPM.AHS-RM320-CO2-PPM (Trend2),RM320 ZN22 CO2 
RM-320 ZONE TEMP.AHS-ZN22.RM320-ZN-T (Trend1),RM320 ZN22 ZN-T 
RM-323 CO2-PPM.AHS-RM323-CO2-PPM (Trend1),RM323 ZN22 CO2 
RM-323 ZONE TEMP.AHS-RM323-ZN-T (Trend1),RM323 ZN22 ZN-T
RM-325 CO2-PPM.AHS-RM325-CO2-PPM (Trend1),RM325 ZN22 CO2 
RM-325 ZONE TEMP.AHS-RM325-ZN-T (Trend1),RM325 ZN22 ZN-T
RM-326 CO2-PPM.AHS-RM326-CO2-PPM (Trend1),RM326 ZN22 CO2 
RM-326 ZONE TEMP.AHS-RM326-ZN-T (Trend1),RM326 ZN22 ZN-T 
RM-328 CO2-PPM.AHS-RM328-CO2-PPM (Trend1),RM328 ZN22 CO2 
RM-328 ZONE TEMP.AHS-RM328-ZN-T (Trend1),RM328 ZN22 ZN-T 
HS-ZN18.RM-335.CO2-PPM.AHS-ZN18-RM335-CO2 (Trend2),RM335 ZN18 CO2 
RM 335 ZN-T.AHS-ZN18.RM335-ZN-T (Trend1),RM335 ZN18 ZN-T 
HS-ZN18.RM-337.CO2-PPM.AHS-RM337-CO2-PPM (Trend1),RM337 ZN18 CO2 
RM 337 ZN-T.AHS-RM337-ZN-T (Trend1),RM337 ZN18 ZN-T 
HS-ZN18.RM-339.CO2-PPM.AHS-RM339-CO2-PPM (Trend1),RM339 ZN18 CO2 
RM 339 ZN-T.AHS-RM339-ZN-T (Trend1),RM339 ZN18 ZN-T 
HS-ZN18.RM-341.CO2-PPM.AHS-ZN18-RM341-CO2-PPM (Trend1),RM341 ZN18 CO2 
RM 341 ZN-T.Rm-341 Zone Temp (Trend1),RM341 ZN18 ZN-T 
HS-ZN18.RM-343.CO2-PPM.AHS-ZN18-RM343-CO2-PPM (Trend1),RM343 ZN18 CO2 
RM 343 ZN-T.AHS-ZN18-RM343-ZN-T (Trend1),RM343 ZN18 ZN-T 
RM-345 ZN-T.AHS-ZN18-RM345-ZN-T (Trend1),RM345 ZN18 ZN-T 
HS-ZN20.RM-345.CO2-PPM.AHS-ZN18-RM345-CO2-PPM (Trend1),RM345 ZN20 CO2 
HS-ZN20.RM-347.CO2-PPM.AHS-ZN20.RM347-CO2 (Trend1),RM347 ZN20 CO2 
RM-347 ZN-T.AHS-ZN20.RM347-ZN-T (Trend1),RM347 ZN20 ZN-T 
HS-ZN20.RM-349.CO2-PPM.AHS-ZN20-RM349-CO2-PPM (Trend1),RM349 ZN20 CO2 
HS-ZN20 RM351.OA-T.AHS-ZN20-RM349-OA-T (Trend1),RM349 ZN20 OA-T 
RM 349 ZN-T.AHS-ZN20-RM349-ZN-T (Trend1),RM349 ZN20 ZN-T 
RM-351.ZN-T.AHS-ZN20-RM351-ZN-T (Trend1),RM351 ZN18 ZN-T 
HS-ZN20 RM-351.CO2-PPM.AHS-ZN20-RM351-CO2-PPM (Trend1),RM351 ZN20 CO2 
HS-ZN20 RM-353.CO2-PPM.AHS-ZN20-RM353-CO2-PPM (Trend1),RM353 ZN20 CO2 
353 ZN-T.AHS-ZN20-RM353-ZN-T (Trend1),RM353 ZN20 ZN-T 
DC-1-106 ZN-T.AHS-RM355-ZN-T (Trend1),RM355 ZN14 ZN-T 
HS-ZN20 RM-357.CO2-PPM.AHS-ZN20-RM357-CO2-PPM (Trend1),RM357 ZN20 CO2 
RM-357 ZN-T.AHS-ZN20-RM357-ZN-T (Trend1),RM357 ZN20 ZN-T 
HS-ZN20 RM-359.CO2-PPM.AHS-ZN20-RM359-CO2-PPM (Trend1),RM359 ZN20 CO2 
RM-359 ZN-T.AHS-ZN20-RM359-CO2-PPM (Trend1),RM359 ZN20  ZN-T 
RM-359 ZN-T.AHS-ZN20-RM359-ZN-T (Trend1),RM359 ZN20 ZN-T 
HS-ZN20 RM-361.CO2-PPM.AHS-ZN20-RM361-CO2-PPM (Trend1),RM361 ZN20 CO2 
HS-ZN20 RM-361.ZN-T.AHS-ZN20-RM361-ZN-T (Trend1),RM361 ZN20 ZN-T 
HS-ZN20 RM-363.CO2-PPM.AHS-RM363-CO2-PPM (Trend1),RM363 ZN20 CO2 
RM-363 ZN-T.Rm-363 Zone Temp (Trend1),RM363 ZN20 ZN-T 
HS-ZN20 RM-365.CO2-PPM.AHS-ZN20-RM365-CO2-PPM (Trend1),RM365 ZN20 CO2 
RM-365 ZN-T.AHS-ZN20-RM365-ZN-T (Trend1),RM365 ZN20 ZN-T 
HS-ZN20 RM-367.CO2-PPM.AHS-ZN20-RM367-CO2-PPM (Trend1),RM367 ZN20 CO2
RM-367 ZN-T.AHS-ZN20-RM367-ZN-T (Trend1),RM367 ZN20 ZN-T
HS-ZN11.AHU-8.ZNT-368.AHS-ZN11-AHU8-RM368-ZN-T (Trend1),RM368 ZN20 ZN-T
HS-ZN20 RM-369.CO2-PPM.AHS-ZN20-RM369-CO2-PPM (Trend1),RM369 ZN20 CO2 
HS-ZN20 RM-369.DA-T.Trend-Present Value (Trend1),RM369 ZN20 DA-T
RM-369 ZN-T.AHS-ZN20.RM-369-ZN-T (Trend1),RM369 ZN20 ZN-T 
HS-ZN20 RM-370.CO2-PPM.AHS-ZN20-RM370-CO2-PPM (Trend1),RM370 ZN20 CO2 
RM-370 ZN-T.AHS-ZN20-RM370-ZN-T (Trend1),RM370 ZN20 ZN-T 
HS-ZN14.RM-373.CO2-PPM.AHS-ZN14-RM373-CO2 (Trend1),RM373 ZN14 CO2 
RM 373 ZN-T.AHS-ZN14.RM373-ZN-T (Trend2),RM373 ZN14 ZN-T 
HS-ZN14 RM-375-02 CO2-PPM.AHS-ZN14-RM375_02-CO2-PPM (Trend1),RM375 ZN14  CO2 
HS-ZN14.RM-375.CO2-PPM.AHS-ZN14-RM375-CO2 (Trend1),RM375 ZN14 CO2 
HS-ZN14 RM-375-01 ZN-T.AHS-ZN14.RM375-01-ZN-T (Trend1),RM375 ZN14 ZN-T
HS-ZN14 RM-375-02 ZN-T.AHS-ZN14.RM375-02-ZN-T (Trend1),RM375 ZN14 ZN-T 
RM-377 CO2-PPM.AHS-RM377-CO2-PPM (Trend1),RM377 ZN14 CO2 
RM-377 ZONE TEMP.AHS-RM377-ZN-T (Trend1),RM377 ZN14 ZN-T 
HS-ZN18 RM377-01 CO2-PPM.AHS-ZN18-RM377_01-CO2-PPM (Trend1),RM377 ZN18 CO2 
HS-ZN18.RM377-01.ZN-T.AHS-ZN18-RM377_01-ZN-T (Trend2),RM377-01 ZN18 ZN-T 
HS-ZN18.RM-379.CO2-PPM.AHS-ZN18-RM379-CO2-PPM (Trend1),RM379 ZN18 CO2 
RM 379 ZN-T.AHS-ZN18-RM379-ZN-T (Trend1),RM379 ZN18 ZN-T 
HS-ZN18.RM-381.CO2-PPM.AHS-ZN18-RM381-CO2-PPM (Trend1),RM381 ZN18 CO2 
RM-381 ZN-T.AHS-ZN18-RM381-ZN-T (Trend1),RM381 ZN18 ZN-T 
CAFE UNIT VENT 10 - CO2.HS UNI VENT 10 - CO2 (Trend1),Cafe UV10 ZN08 CO2
CAFE UNIT VENT 3 - CO2.HS CAFE UNI VENT 3 - CO2 (Trend1),Cafe UV03 ZN08 CO2
CAFE UNIT VENT 7 - CO2.HS UNIT VENT 7 - CO2 (Trend1),Cafe UV07 ZN08 CO2
CAFE UNIT VENT 9 - CO2.HS UNI VENT 9 - CO2 (Trend1),Cafe UV09 ZN08 CO2
HS-ZN6.AHU-6.OA-T.Trend - Present Value (Trend1),Outside Air AHU06 ZN-T
COLL-CTR.RTU-6.ZN -T.AHS-CC-RTU6-ZN-T (Trend1),CC RTU06 ZN-T
COLL-CTR.RTU-8.ZN -T.AHS-CC-RTU8-ZN-T (Trend1),CC RTU08 ZN-T
HS-ZN10.AHU-3.ZN-T.Trend - Present Value (Trend1),AHU03 ZN10 ZN-T 
HS-ZN4.AHU-2.ZONE-T.Trend - Present Value (Trend1),AHU02 ZN04 ZN-T 
HS-ZN9.AHU-4.ZN-T.Trend - Present Value (Trend1),AHU04 ZN09 ZN-T 
RM-264A ZN-T.AHS-Gym -RM264A-ZN2 ZN-T (Trend1),RM364A ZN02 ZN-T 
RM-264B ZN-T.AHS-Gym -RM264B-ZN2 ZN-T (Trend1),RM364B ZN02 ZN-T 
